"time","L","R","T","out","pidL","pidR","sentL","sentR","pos","lost","deep","junc","jc","yw","u","sm","rd","sg","ar","rdir","s2","lt","rs","bv","el","er","S"
"05:48:16.923","0","0","0","0","0","0","0","0","30","0","0","0","0","276","1","0","0","0","255","1","0","0","0","110","0","0","4095,4095,0,0,0,4095,4095"
"05:48:17.226","0","0","0","0","0","0","0","0","30","0","0","0","0","276","1","0","0","0","255","1","0","0","0","108","0","0","4095,4095,0,0,0,4095,4095"
"05:48:17.522","0","0","0","0","0","0","0","0","30","0","0","0","0","276","1","0","0","0","255","1","0","0","0","109","0","0","4095,4095,0,0,0,4095,4095"
"05:48:17.817","0","0","0","0","0","0","0","0","30","0","0","0","0","276","1","0","0","0","255","1","0","0","0","109","0","0","4095,4095,0,0,0,4095,4095"
"05:48:18.126","0","0","0","0","0","0","0","0","30","0","0","0","0","276","1","0","0","0","255","1","0","0","0","110","0","0","4095,4095,0,0,1365,4095,4095"
"05:48:18.424","0","0","0","0","0","0","0","0","25","0","0","0","0","276","1","0","0","0","255","1","0","0","0","109","0","0","4095,4095,0,0,2730,4095,4095"
"05:48:18.727","0","0","0","0","0","0","0","0","25","0","0","0","0","276","1","0","0","0","255","1","0","0","0","110","0","0","4095,4095,0,0,2730,4095,4095"
"05:48:19.024","0","0","0","0","0","0","0","0","30","0","0","0","0","276","1","0","0","0","255","1","0","0","0","111","0","0","4095,4095,0,0,0,4095,4095"
"05:48:19.320","0","0","0","0","0","0","0","0","30","0","0","0","0","276","1","0","0","0","255","1","0","0","0","109","0","0","4095,4095,0,0,1365,4095,4095"
"05:48:19.622","0","0","0","0","0","0","0","0","25","0","0","0","0","276","1","0","0","0","255","1","0","0","0","109","0","0","4095,4095,0,0,2730,4095,4095"
"05:48:19.927","0","0","0","0","0","0","0","0","30","0","0","0","0","276","1","0","0","0","255","1","0","0","0","109","0","0","4095,4095,0,0,0,4095,4095"
"05:48:20.217","0","0","0","0","0","0","0","0","30","0","0","0","0","276","1","0","0","0","255","1","0","0","0","109","0","0","4095,4095,0,0,1365,4095,4095"
"05:48:20.526","0","0","0","0","0","0","0","0","30","0","0","0","0","276","1","0","0","0","255","1","0","0","0","108","0","0","4095,4095,0,0,0,4095,4095"
"05:48:21.426","0","0","0","0","0","0","0","0","30","0","0","0","0","276","1","0","0","0","255","1","0","0","0","108","0","0","4095,4095,0,0,1365,4095,4095"
"05:48:21.726","0","0","0","0","0","0","0","0","30","0","0","0","0","276","1","0","0","0","255","1","0","0","0","110","0","0","4095,4095,0,0,1365,4095,4095"
"05:48:22.022","0","0","0","0","0","0","0","0","30","0","0","0","0","276","1","0","0","0","255","1","0","0","0","109","0","0","4095,4095,0,0,1365,4095,4095"
"05:48:22.326","0","0","0","0","0","0","0","0","30","0","0","0","0","276","1","0","0","0","255","1","0","0","0","109","0","0","4095,4095,0,0,0,4095,4095"
"05:48:22.618","0","0","0","0","0","0","0","0","30","0","0","0","0","276","1","0","0","0","255","1","0","0","0","109","0","0","4095,4095,0,0,1365,4095,4095"
"05:48:22.914","0","0","0","0","0","0","0","0","30","0","0","0","0","276","1","0","0","0","255","1","0","0","0","109","0","0","4095,4095,0,0,1365,4095,4095"
"05:48:23.226","0","0","0","0","0","0","0","0","30","0","0","0","0","276","1","0","0","0","255","1","0","0","0","109","0","0","4095,4095,0,0,0,4095,4095"
"05:48:23.525","0","0","0","0","0","0","0","0","25","0","0","0","0","276","1","0","0","0","255","1","0","0","0","109","0","0","4095,4095,1365,0,2730,4095,4095"
"05:48:23.826","0","0","28","0","70","70","1012","1132","30","0","0","0","0","-5","0","0","0","0","255","1","0","0","0","109","0","0","4095,4095,0,0,0,4095,4095"
"05:48:24.127","3","0","28","70","20","282","890","1182","0","0","1","0","0","-24","0","0","0","0","255","1","0","0","0","109","0","3","0,4095,4095,4095,4095,4095,4095"
"05:48:24.424","-3","13","22","70","20","390","890","1190","0","70","1","0","0","-37","0","0","0","0","255","1","0","0","0","110","0","7","4095,4095,4095,4095,4095,4095,4095"
"05:48:24.728","0","23","22","70","20","282","890","1082","0","140","1","0","0","-40","0","0","0","0","255","1","0","0","0","109","0","16","4095,4095,4095,4095,4095,4095,4095"
"05:48:25.026","3","26","22","76","20","289","890","1089","0","210","1","0","0","-48","0","0","0","0","255","1","0","0","0","109","1","24","4095,4095,4095,4095,4095,4095,4095"
"05:48:25.318","0","26","22","83","20","296","890","1096","0","280","1","0","0","-56","0","0","0","0","255","1","0","0","0","109","1","31","4095,4095,4095,4095,4095,4095,4095"
"05:48:25.626","0","26","22","86","20","406","890","1206","0","42","1","0","0","-60","0","0","0","0","255","1","0","0","0","109","2","40","4095,4095,4095,4095,4095,4095,4095"
"05:48:25.918","0","26","22","89","20","409","890","1209","0","112","1","0","0","-88","0","0","0","0","255","1","0","0","0","109","1","46","4095,4095,4095,4095,4095,4095,4095"
"05:48:26.217","0","13","22","103","20","315","890","1115","0","182","1","0","0","-110","0","0","0","0","255","1","0","0","0","109","1","51","4095,4095,4095,4095,4095,4095,4095"
"05:48:26.517","0","23","0","0","0","0","0","0","5","0","0","0","0","-115","0","0","0","0","255","1","0","0","0","110","0","55","1365,1365,4095,4095,4095,4095,1365"
"05:48:26.825","-3","3","0","0","0","0","0","0","5","0","0","0","0","-115","0","0","0","0","255","1","0","0","0","109","0","55","1365,1365,4095,4095,4095,4095,0"
"05:48:27.127","0","0","0","0","0","0","0","0","0","0","0","0","0","-115","0","0","0","0","255","1","0","0","0","109","0","55","1365,2730,4095,4095,4095,4095,1365"
"05:48:27.425","0","0","0","0","0","0","0","0","60","0","0","0","0","-115","0","0","0","0","255","1","0","0","0","110","0","55","0,0,4095,4095,4095,4095,0"
"05:48:27.726","0","0","0","0","0","0","0","0","5","0","0","0","0","-115","0","0","0","0","255","1","0","0","0","109","0","55","1365,1365,4095,4095,4095,4095,2730"
"05:48:28.015","0","0","0","0","0","0","0","0","5","0","0","0","0","-115","0","0","0","0","255","1","0","0","0","109","0","55","1365,1365,4095,4095,4095,4095,1365"
"05:48:28.324","0","0","0","0","0","0","0","0","60","0","0","0","0","-117","0","0","0","0","255","1","0","0","0","109","0","55","4095,1365,4095,4095,4095,4095,1365"
"05:48:28.626","0","0","0","0","0","0","0","0","60","0","0","0","0","-121","0","0","0","0","255","1","0","0","0","109","1","55","4095,4095,4095,4095,4095,4095,0"
"05:48:28.926","3","0","0","0","0","0","0","0","55","0","0","0","0","-116","0","0","0","0","255","1","0","0","0","109","1","55","1365,2730,4095,1365,4095,1365,0"
"05:48:29.224","0","0","0","0","0","0","0","0","55","0","0","0","0","-88","0","0","0","0","255","1","0","0","0","110","1","55","0,0,0,0,0,0,0"
"05:48:29.526","0","0","0","0","0","0","0","0","55","0","0","0","0","-61","0","0","0","0","255","1","0","0","0","109","1","55","0,0,0,0,0,0,0"
"05:48:29.824","0","0","0","0","0","0","0","0","55","0","0","0","0","-34","0","0","0","0","255","1","0","0","0","110","1","55","0,0,0,0,0,0,0"
"05:48:30.125","0","0","0","0","0","0","0","0","55","0","0","0","0","-19","0","0","0","0","255","1","0","0","0","109","1","55","0,0,0,0,0,0,0"
"05:48:30.426","0","0","0","0","0","0","0","0","55","0","0","0","0","-8","0","0","0","0","255","1","0","0","0","109","1","55","0,0,0,0,0,0,0"
"05:48:30.726","0","0","0","0","0","0","0","0","55","0","0","0","0","-14","0","0","0","0","255","1","0","0","0","108","1","55","0,0,0,0,0,0,0"
"05:48:31.025","0","0","0","0","0","0","0","0","55","0","0","0","0","-18","0","0","0","0","255","1","0","0","0","109","1","55","0,0,0,0,0,0,0"
"05:48:31.320","0","0","0","0","0","0","0","0","55","0","0","0","0","0","0","0","0","0","255","1","0","0","0","110","1","55","0,0,0,0,0,0,0"
"05:48:31.627","0","0","0","0","0","0","0","0","20","0","0","0","0","-6","0","0","0","0","255","1","0","0","0","110","1","55","4095,0,0,0,4095,4095,4095"
"05:48:31.925","-9","0","0","0","0","0","0","0","20","0","0","0","0","-6","0","0","0","0","255","1","0","0","0","109","-3","55","4095,0,0,0,4095,4095,4095"
"05:48:32.227","-3","0","0","0","0","0","0","0","20","0","0","0","0","-6","0","0","0","0","255","1","0","0","0","109","-3","55","4095,0,0,0,4095,4095,4095"
"05:48:32.525","0","0","0","0","0","0","0","0","20","0","0","0","0","-6","0","0","0","0","255","1","0","0","0","109","-3","55","4095,0,0,0,4095,4095,4095"
"05:48:32.826","0","0","0","0","0","0","0","0","20","0","0","0","0","-6","0","0","0","0","255","1","0","0","0","110","-3","55","4095,0,0,0,4095,4095,4095"
"05:48:33.125","0","0","0","0","0","0","0","0","20","0","0","0","0","-6","0","0","0","0","255","1","0","0","0","109","-3","55","4095,0,0,0,4095,4095,4095"
"05:48:33.425","0","0","0","0","0","0","0","0","20","0","0","0","0","-6","0","0","0","0","255","1","0","0","0","109","-3","55","4095,0,0,0,4095,4095,4095"
"05:49:21.064","0","0","0","0","0","0","0","0","30","0","0","0","0","1","0","0","0","0","255","1","0","0","0","110","0","0","4095,4095,0,0,0,4095,4095"
"05:49:21.359","0","0","0","0","0","0","0","0","30","0","0","0","0","1","0","0","0","0","255","1","0","0","0","108","0","0","4095,4095,1365,0,0,4095,4095"
"05:49:21.659","0","0","0","0","0","0","0","0","30","0","0","0","0","1","0","0","0","0","255","1","0","0","0","109","0","0","4095,4095,0,0,0,4095,4095"
"05:49:21.958","0","0","0","0","0","0","0","0","30","0","0","0","0","1","0","0","0","0","255","1","0","0","0","108","0","0","4095,4095,1365,0,0,4095,4095"
"05:49:22.265","0","0","0","0","0","0","0","0","30","0","0","0","0","1","0","0","0","0","255","1","0","0","0","109","0","0","4095,4095,0,0,0,4095,4095"
"05:49:22.560","0","0","0","0","0","0","0","0","30","0","0","0","0","1","0","0","0","0","255","1","0","0","0","109","0","0","4095,4095,1365,0,1365,4095,4095"
"05:49:22.859","0","0","0","0","0","0","0","0","30","0","0","0","0","1","0","0","0","0","255","1","0","0","0","109","0","0","4095,4095,0,0,0,4095,4095"
"05:49:23.164","0","0","0","0","0","0","0","0","30","0","0","0","0","1","0","0","0","0","255","1","0","0","0","110","0","0","4095,4095,1365,0,0,4095,4095"
"05:49:23.465","0","0","0","0","0","0","0","0","30","0","0","0","0","1","0","0","0","0","255","1","0","0","0","110","0","0","4095,4095,1365,0,0,4095,4095"
"05:49:24.060","0","0","0","0","0","0","0","0","30","0","0","0","0","1","0","0","0","0","255","1","0","0","0","111","0","0","4095,4095,2730,0,2730,4095,4095"
"05:49:24.360","0","0","28","0","20","147","990","1237","15","0","0","0","0","-19","0","0","0","0","255","1","0","0","0","109","-1","0","2730,0,0,4095,4095,4095,4095"
"05:49:24.668","0","6","22","70","20","130","990","1220","15","70","0","0","0","-33","0","0","0","0","255","1","0","0","0","109","0","6","4095,4095,4095,4095,4095,4095,4095"
"05:49:24.959","0","23","22","70","20","145","990","1025","15","140","0","0","0","-49","0","0","0","0","255","1","0","0","0","108","-1","15","4095,4095,4095,4095,4095,4095,4095"
"05:49:25.257","0","33","22","74","24","149","1102","1029","15","210","0","0","0","-78","0","0","0","0","255","1","0","0","0","110","-1","23","4095,4095,4095,4095,4095,4095,4095"
"05:49:25.567","-3","20","28","92","20","304","890","1104","0","0","1","0","0","-108","0","0","0","0","255","1","0","0","0","109","0","29","1365,4095,4095,4095,4095,4095,4095"
"05:49:25.866","3","23","22","97","20","417","890","1217","0","69","1","0","0","-100","0","0","0","0","255","1","0","0","0","109","-1","37","4095,4095,4095,4095,4095,4095,4095"
"05:49:26.168","0","30","22","90","20","302","890","1102","0","139","1","0","0","-98","0","0","0","0","255","1","0","0","0","109","-1","47","4095,4095,4095,4095,4095,4095,4095"
"05:49:26.452","-3","33","28","97","20","310","890","1110","0","0","1","0","0","-102","0","0","0","0","255","1","0","0","0","110","0","51","0,4095,4095,4095,4095,4095,0"
"05:49:26.766","3","0","28","140","20","353","890","1253","0","0","1","0","0","-102","0","0","0","0","255","1","0","0","0","109","0","51","0,4095,4095,4095,4095,4095,0"
"05:49:27.056","0","0","28","146","20","358","890","1258","0","0","1","0","0","-102","0","0","0","0","255","1","0","0","0","110","0","51","0,4095,4095,4095,4095,4095,0"
"05:49:27.365","0","0","28","161","20","374","890","1274","0","0","1","0","0","-102","0","0","0","0","255","1","0","0","0","109","0","51","0,4095,4095,4095,4095,4095,0"
"05:49:27.662","0","0","0","0","0","0","0","0","0","0","0","0","0","-103","0","0","0","0","255","1","0","0","0","109","0","51","0,4095,4095,4095,4095,4095,0"
"05:49:27.961","0","0","0","0","0","0","0","0","5","0","0","0","0","-103","0","0","0","0","255","1","0","0","0","109","0","51","0,1365,4095,1365,4095,1365,0"
"05:49:28.268","0","0","0","0","0","0","0","0","5","0","0","0","0","-103","0","0","0","0","255","1","0","0","0","110","0","51","0,0,4095,0,2730,1365,0"
"05:49:28.567","0","0","0","0","0","0","0","0","5","0","0","0","0","-103","0","0","0","0","255","1","0","0","0","108","0","51","0,1365,4095,1365,4095,2730,1365"
"05:49:28.866","0","0","0","0","0","0","0","0","0","0","0","0","0","-103","0","0","0","0","255","1","0","0","0","109","0","51","2730,2730,4095,4095,4095,4095,2730"
"05:49:29.160","0","0","0","0","0","0","0","0","10","0","0","0","0","-103","0","0","0","0","255","1","0","0","0","110","0","51","4095,0,4095,4095,4095,4095,1365"
"05:49:29.466","0","0","0","0","0","0","0","0","60","0","0","0","0","-104","0","0","0","0","255","1","0","0","0","109","0","51","4095,0,4095,4095,4095,4095,0"
"05:49:29.768","0","0","0","0","0","0","0","0","55","0","0","0","0","-107","0","0","0","0","255","1","0","0","0","109","0","51","4095,2730,4095,1365,4095,1365,0"
"05:49:30.055","0","0","0","0","0","0","0","0","55","0","0","0","0","-79","0","0","0","0","255","1","0","0","0","109","0","51","0,0,0,0,0,0,0"
"05:49:30.365","0","0","0","0","0","0","0","0","55","0","0","0","0","-43","0","0","0","0","255","1","0","0","0","108","0","51","0,0,0,0,0,0,0"
"05:49:30.667","0","0","0","0","0","0","0","0","55","0","0","0","0","-34","0","0","0","0","255","1","0","0","0","109","0","51","0,0,0,0,0,0,0"
"05:49:30.964","0","0","0","0","0","0","0","0","55","0","0","0","0","-26","0","0","0","0","255","1","0","0","0","109","0","51","0,0,0,0,0,0,0"
"05:49:31.259","0","0","0","0","0","0","0","0","55","0","0","0","0","3","0","0","0","0","255","1","0","0","0","109","0","51","0,0,0,0,0,0,0"
"05:49:31.565","0","0","0","0","0","0","0","0","55","0","0","0","0","19","0","0","0","0","255","1","0","0","0","109","0","51","0,0,0,0,0,0,0"
"05:49:31.860","0","0","0","0","0","0","0","0","55","0","0","0","0","20","0","0","0","0","255","1","0","0","0","110","0","51","0,0,0,0,0,0,0"
"05:49:32.161","0","0","0","0","0","0","0","0","55","0","0","0","0","31","0","0","0","0","255","1","0","0","0","109","0","51","0,0,0,0,0,0,0"
"05:49:32.463","0","0","0","0","0","0","0","0","55","0","0","0","0","36","0","0","0","0","255","1","0","0","0","109","0","51","0,0,0,0,0,0,0"
"05:49:32.761","0","0","0","0","0","0","0","0","55","0","0","0","0","39","0","0","0","0","255","1","0","0","0","109","0","51","0,0,0,0,0,0,0"
"05:49:33.062","0","0","0","0","0","0","0","0","55","0","0","0","0","36","0","0","0","0","255","1","0","0","0","109","0","51","0,0,0,0,0,0,0"
"05:49:33.363","0","0","0","0","0","0","0","0","55","0","0","0","0","29","0","0","0","0","255","1","0","0","0","109","0","51","0,0,0,0,0,0,0"
"05:49:33.664","0","0","0","0","0","0","0","0","55","0","0","0","0","24","0","0","0","0","255","1","0","0","0","110","0","51","0,0,0,0,0,0,0"
"05:49:33.965","0","0","0","0","0","0","0","0","55","0","0","0","0","24","0","0","0","0","255","1","0","0","0","109","0","51","0,0,0,0,0,0,0"
"05:49:34.265","0","0","0","0","0","0","0","0","55","0","0","0","0","17","0","0","0","0","255","1","0","0","0","109","0","51","0,0,0,0,0,0,0"
"05:49:34.566","0","0","0","0","0","0","0","0","55","0","0","0","0","22","0","0","0","0","255","1","0","0","0","109","0","51","0,0,0,0,0,0,0"
"05:49:34.866","0","0","0","0","0","0","0","0","55","0","0","0","0","30","0","0","0","0","255","1","0","0","0","110","0","51","0,0,0,0,0,0,0"
"05:49:35.166","0","0","0","0","0","0","0","0","55","0","0","0","0","38","0","0","0","0","255","1","0","0","0","109","0","51","0,0,0,0,0,0,0"
"05:49:35.467","0","0","0","0","0","0","0","0","55","0","0","0","0","44","0","0","0","0","255","1","0","0","0","109","0","51","0,0,0,0,0,0,0"
"05:49:35.760","0","0","0","0","0","0","0","0","55","0","0","0","0","43","0","0","0","0","255","1","0","0","0","109","0","51","0,0,0,0,0,0,0"
"05:49:36.065","0","0","0","0","0","0","0","0","55","0","0","0","0","45","0","0","0","0","255","1","0","0","0","109","0","51","0,0,0,0,0,0,0"
"05:49:36.360","0","0","0","0","0","0","0","0","55","0","0","0","0","48","0","0","0","0","255","1","0","0","0","110","0","51","0,0,0,0,0,0,0"
"05:49:36.665","0","0","0","0","0","0","0","0","55","0","0","0","0","50","0","0","0","0","255","1","0","0","0","108","0","51","0,0,0,0,0,0,0"
"05:49:36.955","0","0","0","0","0","0","0","0","55","0","0","0","0","54","0","0","0","0","255","1","0","0","0","109","0","51","0,0,0,0,0,0,0"
"05:49:37.266","0","0","0","0","0","0","0","0","55","0","0","0","0","55","0","0","0","0","255","1","0","0","0","111","0","51","0,0,0,0,0,0,0"
"05:49:37.562","0","0","0","0","0","0","0","0","55","0","0","0","0","60","0","0","0","0","255","1","0","0","0","110","0","51","0,0,0,0,0,0,0"
"05:49:37.866","0","0","0","0","0","0","0","0","55","0","0","0","0","54","0","0","0","0","255","1","0","0","0","110","0","51","0,0,0,0,0,0,0"
"05:49:38.155","0","0","0","0","0","0","0","0","55","0","0","0","0","32","0","0","0","0","255","1","0","0","0","109","0","51","0,0,0,0,0,0,0"
"05:49:38.459","0","0","0","0","0","0","0","0","55","0","0","0","0","17","0","0","0","0","255","1","0","0","0","109","0","51","0,0,0,0,0,0,0"
"05:49:38.766","0","0","0","0","0","0","0","0","55","0","0","0","0","0","0","0","0","0","255","1","0","0","0","110","0","51","0,0,0,0,0,0,0"
"05:49:39.061","0","0","0","0","0","0","0","0","55","0","0","0","0","-10","0","0","0","0","255","1","0","0","0","109","0","51","0,0,0,0,0,0,0"
"05:49:39.364","0","0","0","0","0","0","0","0","55","0","0","0","0","-14","0","0","0","0","255","1","0","0","0","109","0","51","0,0,0,0,0,0,0"
"05:49:39.666","0","0","0","0","0","0","0","0","55","0","0","0","0","-7","0","0","0","0","255","1","0","0","0","109","0","51","0,0,0,0,0,0,0"
"05:49:39.966","0","0","0","0","0","0","0","0","55","0","0","0","0","9","0","0","0","0","255","1","0","0","0","109","0","51","0,0,0,0,0,0,0"
"05:49:40.260","0","0","0","0","0","0","0","0","55","0","0","0","0","8","0","0","0","0","255","1","0","0","0","110","0","51","0,0,0,0,0,0,0"
"05:49:40.566","0","0","0","0","0","0","0","0","55","0","0","0","0","12","0","0","0","0","255","1","0","0","0","109","0","51","0,0,0,0,0,0,0"
"05:49:40.856","0","0","0","0","0","0","0","0","55","0","0","0","0","40","0","0","0","0","255","1","0","0","0","109","0","51","0,0,0,0,0,0,0"
"05:49:41.151","0","0","0","0","0","0","0","0","55","0","0","0","0","54","0","0","0","0","255","1","0","0","0","108","0","51","0,0,0,0,0,0,0"
"05:49:41.464","0","0","0","0","0","0","0","0","55","0","0","0","0","61","0","0","0","0","255","1","0","0","0","109","0","51","0,0,0,0,0,0,0"
"05:49:41.766","0","0","0","0","0","0","0","0","55","0","0","0","0","71","0","0","0","0","255","1","0","0","0","109","0","51","0,0,0,0,0,0,0"
"05:49:42.068","0","0","0","0","0","0","0","0","45","0","0","1","0","78","0","0","0","0","255","1","0","0","0","109","0","51","0,2730,1365,0,0,0,0"
"05:49:42.361","0","0","0","0","0","0","0","0","45","0","0","0","0","68","0","0","0","0","255","1","0","0","0","109","0","51","4095,4095,4095,4095,4095,4095,4095"
"05:49:42.665","0","0","0","0","0","0","0","0","45","0","0","0","0","68","0","0","0","0","255","1","0","0","0","109","0","51","4095,4095,4095,4095,4095,4095,4095"
"05:49:42.955","0","0","0","0","0","0","0","0","45","0","0","0","0","68","0","0","0","0","255","1","0","0","0","109","0","51","4095,4095,4095,4095,4095,4095,4095"
"05:49:43.266","0","0","0","0","0","0","0","0","45","0","0","0","0","68","0","0","0","0","255","1","0","0","0","110","0","51","4095,4095,4095,4095,4095,4095,4095"
"05:49:43.561","0","0","0","0","0","0","0","0","45","0","0","0","0","68","0","0","0","0","255","1","0","0","0","109","0","51","4095,4095,4095,4095,4095,4095,4095"
"05:49:43.859","0","0","0","0","0","0","0","0","45","0","0","0","0","68","0","0","0","0","255","1","0","0","0","110","0","51","4095,4095,4095,4095,4095,4095,4095"
"05:49:44.166","0","0","0","0","0","0","0","0","45","0","0","0","0","68","0","0","0","0","255","1","0","0","0","109","0","51","4095,4095,4095,4095,4095,4095,4095"
"05:49:44.452","0","0","0","0","0","0","0","0","45","0","0","0","0","68","0","0","0","0","255","1","0","0","0","110","0","51","4095,4095,4095,4095,4095,4095,4095"
"05:49:44.768","0","0","0","0","0","0","0","0","45","0","0","0","0","68","0","0","0","0","255","1","0","0","0","109","0","51","4095,4095,4095,4095,4095,4095,4095"
"05:49:45.065","0","0","0","0","0","0","0","0","45","0","0","0","0","68","0","0","0","0","255","1","0","0","0","110","0","51","4095,4095,4095,4095,4095,4095,4095"
"05:49:45.366","0","0","0","0","0","0","0","0","45","0","0","0","0","68","0","0","0","0","255","1","0","0","0","108","0","51","4095,4095,4095,4095,4095,4095,4095"
"05:49:45.660","0","0","0","0","0","0","0","0","45","0","0","0","0","68","0","0","0","0","255","1","0","0","0","109","0","51","4095,4095,4095,4095,4095,4095,4095"
"05:49:45.965","0","0","0","0","0","0","0","0","45","0","0","0","0","68","0","0","0","0","255","1","0","0","0","109","0","51","4095,4095,4095,4095,4095,4095,4095"
"05:49:46.260","0","0","0","0","0","0","0","0","45","0","0","0","0","68","0","0","0","0","255","1","0","0","0","109","0","51","4095,4095,4095,4095,4095,4095,4095"
"05:51:55.362","0","0","0","0","0","0","0","0","25","0","0","0","0","0","0","0","0","0","255","1","0","0","0","109","0","0","4095,4095,0,0,4095,4095,4095"
"05:51:55.661","0","0","0","0","0","0","0","0","25","0","0","0","0","0","0","0","0","0","255","1","0","0","0","109","0","0","4095,4095,0,0,4095,4095,4095"
"05:51:55.961","0","0","0","0","0","0","0","0","25","0","0","0","0","0","0","0","0","0","255","1","0","0","0","108","0","0","4095,4095,0,0,4095,4095,4095"
"05:51:56.262","0","0","0","0","0","0","0","0","25","0","0","0","0","0","0","0","0","0","255","1","0","0","0","109","0","0","4095,2730,0,0,4095,4095,4095"
"05:51:56.561","0","0","0","0","0","0","0","0","25","0","0","0","0","0","0","0","0","0","255","1","0","0","0","110","0","0","4095,4095,0,0,4095,4095,4095"
"05:51:56.861","0","0","0","0","0","0","0","0","25","0","0","0","0","0","0","0","0","0","255","1","0","0","0","110","0","0","4095,4095,0,0,4095,4095,4095"
"05:51:57.161","0","0","0","0","0","0","0","0","25","0","0","0","0","0","0","0","0","0","255","1","0","0","0","109","0","0","4095,4095,0,0,4095,4095,4095"
"05:51:57.461","0","0","0","0","0","0","0","0","25","0","0","0","0","0","0","0","0","0","255","1","0","0","0","108","0","0","4095,4095,0,0,4095,4095,4095"
"05:51:57.762","0","0","0","0","0","0","0","0","25","0","0","0","0","0","0","0","0","0","255","1","0","0","0","109","0","0","4095,4095,0,0,4095,4095,4095"
"05:51:58.061","0","0","0","0","0","0","0","0","25","0","0","0","0","0","0","0","0","0","255","1","0","0","0","109","0","0","4095,4095,0,0,2730,4095,4095"
"05:51:58.361","0","0","0","0","0","0","0","0","25","0","0","0","0","0","0","0","0","0","255","1","0","0","0","109","0","0","4095,4095,0,0,4095,4095,4095"
"05:51:58.661","0","0","28","0","52","87","1022","1177","25","0","0","0","0","0","0","0","0","0","255","1","0","0","0","109","0","6","4095,4095,0,0,4095,4095,4095"
"05:51:58.961","0","43","28","70","52","87","1022","967","25","0","0","0","0","0","0","0","0","0","255","1","0","0","0","109","0","20","4095,4095,0,0,4095,4095,4095"
"05:51:59.262","0","40","28","72","54","89","1024","969","25","0","0","0","0","0","0","0","0","0","255","1","0","0","0","109","0","32","4095,4095,0,0,4095,4095,4095"
"05:51:59.561","0","40","28","76","58","93","1144","973","25","0","0","0","0","0","0","0","0","0","255","1","0","0","0","109","0","44","4095,4095,0,0,4095,4095,4095"
"05:51:59.861","0","40","28","80","63","98","1247","978","25","0","0","0","0","0","0","0","0","0","255","1","0","0","0","108","0","56","4095,4095,0,0,4095,4095,4095"
"05:52:00.161","0","40","28","85","68","103","1323","983","25","0","0","0","0","0","0","0","0","0","255","1","0","0","0","109","0","68","4095,4095,0,0,4095,4095,4095"
"05:52:00.461","0","40","28","90","40","165","1366","1045","15","0","0","0","0","0","0","0","0","0","255","1","0","0","0","109","0","81","4095,0,0,4095,4095,4095,4095"
"05:52:00.761","0","43","28","92","42","167","1439","1047","15","0","0","0","0","0","0","0","0","0","255","1","0","0","0","109","0","94","4095,0,0,4095,4095,4095,4095"
"05:52:01.061","0","46","28","94","44","169","1512","1049","15","0","0","0","0","0","0","0","0","0","255","1","0","0","0","109","0","108","4095,0,0,4095,4095,4095,4095"
"05:52:01.361","0","46","28","98","20","310","890","1110","5","0","1","0","0","0","0","0","0","0","255","1","0","0","0","110","0","122","0,0,4095,4095,4095,4095,4095"
"05:52:01.661","0","50","28","97","20","309","890","1109","5","0","1","0","0","0","0","0","0","0","255","1","0","0","0","108","0","137","0,0,4095,4095,4095,4095,4095"
"05:52:01.961","0","50","28","100","20","313","890","1113","5","0","1","0","0","0","0","0","0","0","255","1","0","0","0","109","0","153","0,0,4095,4095,4095,4095,4095"
"05:52:02.261","0","53","28","99","20","311","890","1111","5","0","1","0","0","0","0","0","0","0","255","1","0","0","0","109","0","169","0,0,4095,4095,4095,4095,4095"
"05:52:02.562","0","50","28","104","20","316","890","1116","5","0","1","0","0","0","0","0","0","0","255","1","0","0","0","109","0","184","0,0,4095,4095,4095,4095,4095"
"05:52:02.861","0","50","28","105","20","317","890","1117","5","0","1","0","0","0","0","0","0","0","255","1","0","0","0","108","0","200","0,0,4095,4095,4095,4095,4095"
"05:52:03.161","0","53","28","103","20","316","890","1116","5","0","1","0","0","0","0","0","0","0","255","1","0","0","0","109","0","216","0,0,4095,4095,4095,4095,4095"
"05:52:03.461","0","53","28","105","20","318","890","1118","5","0","1","0","0","0","0","0","0","0","255","1","0","0","0","110","0","231","0,0,4095,4095,4095,4095,4095"
"05:52:03.762","0","53","28","106","56","181","1158","1061","15","0","0","0","0","1","0","0","0","0","255","1","0","0","0","109","0","246","4095,0,0,4095,4095,4095,4095"
"05:52:04.061","0","46","28","114","76","152","1264","1032","20","0","0","0","0","2","0","0","0","0","255","1","0","0","0","109","0","261","4095,0,0,0,4095,4095,4095"
"05:52:04.361","0","46","28","115","77","152","1336","1032","20","0","0","0","0","1","0","0","0","0","255","1","0","0","0","109","0","274","4095,0,0,0,4095,4095,4095"
"05:52:04.661","0","50","28","114","76","151","1406","1031","20","0","0","0","0","2","0","0","0","0","255","1","0","0","0","109","0","289","4095,0,0,0,4095,4095,4095"
"05:52:04.961","0","43","28","124","154","93","1555","973","30","0","0","0","0","3","0","0","0","0","255","1","0","0","0","109","0","302","4095,4095,0,0,1365,4095,4095"
"05:52:05.261","0","46","28","122","122","122","1594","1002","30","0","0","0","0","3","0","0","0","0","255","1","0","0","0","108","0","316","4095,4095,0,0,0,4095,4095"
"05:52:05.561","0","43","28","129","147","112","1690","992","35","0","0","0","0","3","0","0","0","0","255","1","0","0","0","109","0","329","4095,4095,4095,0,0,4095,4095"
"05:52:05.861","0","43","28","132","150","115","1764","995","35","0","0","0","0","3","0","0","0","0","255","1","0","0","0","110","0","342","4095,4095,4095,0,0,4095,4095"
"05:52:06.161","0","46","28","133","151","116","1821","996","35","0","0","0","0","3","0","0","0","0","255","1","0","0","0","109","0","356","4095,4095,4095,0,0,4095,4095"
"05:52:06.462","0","43","28","140","215","90","1885","970","45","0","0","0","0","3","0","0","0","0","255","1","0","0","0","109","0","369","4095,4095,4095,4095,0,0,4095"
"05:52:06.761","0","43","28","143","218","93","1888","973","45","0","0","0","0","4","0","0","0","0","255","1","0","0","0","109","0","381","4095,4095,4095,4095,0,0,4095"
"05:52:07.061","0","40","28","150","225","100","1895","980","45","0","0","0","0","4","0","0","0","0","255","1","0","0","0","109","0","394","4095,4095,4095,4095,0,0,4095"
"05:52:07.362","0","46","28","148","223","98","1893","978","45","0","0","0","0","4","0","0","0","0","255","1","0","0","0","109","0","408","4095,4095,4095,4095,0,0,4095"
"05:52:07.663","0","43","28","156","231","106","1901","986","45","0","0","0","0","4","0","0","0","0","255","1","0","0","0","109","0","421","4095,4095,4095,4095,0,0,4095"
"05:52:07.961","0","43","28","159","234","109","1904","989","45","0","0","0","0","4","0","0","0","0","255","1","0","0","0","109","0","434","4095,4095,4095,4095,0,0,4095"
"05:52:08.261","0","46","28","159","235","109","1905","989","45","0","0","0","0","4","0","0","0","0","255","1","0","0","0","109","0","447","4095,4095,4095,4095,0,0,4095"
"05:52:08.561","0","43","28","167","242","117","1912","997","45","0","0","0","0","4","0","0","0","0","255","1","0","0","0","110","0","461","4095,4095,4095,4095,0,0,4095"
"05:52:08.861","0","43","28","169","244","119","1914","999","45","0","0","0","0","4","0","0","0","0","255","1","0","0","0","108","0","474","4095,4095,4095,4095,0,0,4095"
"05:52:09.161","0","46","28","170","245","120","1915","1000","45","0","0","0","0","3","0","0","0","0","255","1","0","0","0","109","0","488","4095,4095,4095,4095,0,0,4095"
"05:52:09.461","0","43","28","177","195","160","1865","1040","35","0","0","0","0","2","0","0","0","0","255","1","0","0","0","109","0","502","4095,4095,4095,0,0,4095,4095"
"05:52:09.762","0","50","28","173","191","156","1861","1036","35","0","0","0","0","2","0","0","0","0","255","1","0","0","0","110","0","517","4095,4095,4095,0,0,4095,4095"
"05:52:10.062","0","46","28","181","199","164","1869","1044","35","0","0","0","0","1","0","0","0","0","255","1","0","0","0","109","0","531","4095,4095,4095,0,0,4095,4095"
"05:52:10.361","0","49","28","180","163","198","1833","1078","25","0","0","0","0","1","0","0","0","0","255","1","0","0","0","109","0","546","4095,4095,0,0,4095,4095,4095"
"05:52:10.661","0","53","28","179","162","197","1832","1077","25","0","0","0","0","1","0","0","0","0","255","1","0","0","0","109","0","561","4095,4095,0,0,4095,4095,4095"
"05:52:10.961","0","50","28","185","147","222","1817","1102","20","0","0","0","0","0","0","0","0","0","255","1","0","0","0","109","0","577","4095,0,0,0,4095,4095,4095"
"05:52:11.261","0","50","28","185","135","260","1805","1140","15","0","0","0","0","0","0","0","0","0","255","1","0","0","0","109","0","593","4095,0,0,4095,4095,4095,4095"
"05:52:11.562","0","56","28","181","20","363","890","1163","10","0","1","0","0","0","0","0","0","0","255","1","0","0","0","109","0","609","4095,0,4095,4095,4095,4095,4095"
"05:52:11.861","0","56","28","183","39","327","909","1127","10","0","1","0","0","0","0","0","0","0","255","1","0","0","0","109","0","626","4095,0,4095,4095,4095,4095,4095"
"05:52:12.162","0","53","28","186","20","399","890","1199","5","0","1","0","0","0","0","0","0","0","255","1","0","0","0","109","0","644","0,0,4095,4095,4095,4095,4095"
"05:52:12.461","0","60","28","179","20","392","890","1192","5","0","1","0","0","-1","0","0","0","0","255","1","0","0","0","109","0","661","0,0,4095,4095,4095,4095,4095"
"05:52:12.761","0","60","28","180","20","393","890","1193","5","0","1","0","0","-2","0","0","0","0","255","1","0","0","0","109","0","680","0,0,4095,4095,4095,4095,4095"
"05:52:13.061","0","56","28","183","20","396","890","1196","5","0","1","0","0","-2","0","0","0","0","255","1","0","0","0","109","0","694","0,0,4095,4095,4095,4095,4095"
"05:52:13.362","0","53","28","185","20","397","890","1197","5","0","1","0","0","-3","0","0","0","0","255","1","0","0","0","108","0","713","0,0,4095,4095,4095,4095,4095"
"05:52:13.661","0","60","28","178","20","390","890","1190","5","0","1","0","0","-4","0","0","0","0","255","1","0","0","0","110","0","730","0,0,4095,4095,4095,4095,4095"
"05:52:13.961","0","60","0","0","0","0","0","0","5","0","0","0","0","-4","0","0","0","0","255","1","0","0","0","109","0","742","0,0,4095,4095,4095,4095,4095"
"05:52:14.262","0","13","0","0","0","0","0","0","5","0","0","0","0","-6","0","0","0","0","255","1","0","0","0","110","0","742","0,0,4095,4095,4095,4095,4095"
"05:52:14.553","0","0","0","0","0","0","0","0","10","0","0","0","0","-5","0","0","0","0","255","1","0","0","0","109","0","742","0,0,0,0,0,0,0"
"05:52:14.860","0","0","0","0","0","0","0","0","10","0","0","0","0","0","0","0","0","0","255","1","0","0","0","110","0","742","0,0,0,0,0,0,0"
"05:52:15.153","0","0","0","0","0","0","0","0","10","0","0","0","0","0","0","0","0","0","255","1","0","0","0","109","0","742","0,0,0,0,0,0,0"
"05:52:15.452","0","0","0","0","0","0","0","0","10","0","0","0","0","0","0","0","0","0","255","1","0","0","0","109","0","742","0,0,0,0,0,0,0"
"05:52:15.753","0","0","0","0","0","0","0","0","10","0","0","0","0","-1","0","0","0","0","255","1","0","0","0","110","0","742","0,0,0,0,0,0,0"
"05:52:16.053","0","0","0","0","0","0","0","0","10","0","0","0","0","-3","0","0","0","0","255","1","0","0","0","109","0","742","0,0,0,0,0,0,0"
"05:52:16.353","0","0","0","0","0","0","0","0","10","0","0","0","0","-3","0","0","0","0","255","1","0","0","0","109","0","742","0,0,0,0,0,0,0"
"05:52:16.653","0","0","0","0","0","0","0","0","10","0","0","0","0","-4","0","0","0","0","255","1","0","0","0","109","0","742","0,0,0,0,0,0,0"
"05:52:16.953","0","0","0","0","0","0","0","0","10","0","0","0","0","-4","0","0","0","0","255","1","0","0","0","109","0","742","0,0,0,0,0,0,0"
"05:52:17.253","0","0","0","0","0","0","0","0","10","0","0","0","0","-4","0","0","0","0","255","1","0","0","0","109","0","742","0,0,0,0,0,0,0"
"05:52:17.553","0","0","0","0","0","0","0","0","10","0","0","0","0","-3","0","0","0","0","255","1","0","0","0","109","0","742","0,0,0,0,0,0,0"
"05:52:17.860","0","0","0","0","0","0","0","0","10","0","0","0","0","0","0","0","0","0","255","1","0","0","0","109","0","742","0,0,0,0,0,0,0"
"05:52:18.152","0","0","0","0","0","0","0","0","10","0","0","0","0","-2","0","0","0","0","255","1","0","0","0","109","0","742","0,0,0,0,0,0,0"
"05:52:18.453","0","0","0","0","0","0","0","0","10","0","0","0","0","-3","0","0","0","0","255","1","0","0","0","109","0","742","0,0,0,0,0,0,0"
"05:52:18.760","0","0","0","0","0","0","0","0","10","0","0","0","0","-3","0","0","0","0","255","1","0","0","0","109","0","742","0,0,0,0,0,0,0"
"05:52:19.059","0","0","0","0","0","0","0","0","10","0","0","0","0","0","0","0","0","0","255","1","0","0","0","108","0","742","0,0,0,0,0,0,0"
"05:52:19.353","0","0","0","0","0","0","0","0","10","0","0","0","0","4","0","0","0","0","255","1","0","0","0","109","0","742","0,0,0,0,0,0,0"
"05:52:19.653","0","0","0","0","0","0","0","0","10","0","0","0","0","10","0","0","0","0","255","1","0","0","0","109","0","742","0,0,0,0,0,0,0"
"05:52:19.953","0","0","0","0","0","0","0","0","10","0","0","0","0","11","0","0","0","0","255","1","0","0","0","109","0","742","0,0,0,0,0,0,0"
"05:52:20.253","0","0","0","0","0","0","0","0","10","0","0","0","0","13","0","0","0","0","255","1","0","0","0","109","0","742","0,0,0,0,0,0,0"
"05:52:20.558","0","0","0","0","0","0","0","0","10","0","0","0","0","-5","0","0","0","0","255","1","0","0","0","109","0","742","0,0,0,0,0,0,0"
"05:52:20.853","0","0","0","0","0","0","0","0","10","0","0","0","0","-7","0","0","0","0","255","1","0","0","0","109","0","742","0,0,0,0,0,0,0"
"05:52:21.153","0","0","0","0","0","0","0","0","10","0","0","0","0","-9","0","0","0","0","255","1","0","0","0","108","0","742","0,0,0,0,0,0,0"
"05:52:21.453","0","0","0","0","0","0","0","0","10","0","0","0","0","-9","0","0","0","0","255","1","0","0","0","109","0","742","0,0,0,0,0,0,0"
"05:52:21.754","0","0","0","0","0","0","0","0","10","0","0","0","0","-9","0","0","0","0","255","1","0","0","0","109","0","742","0,0,0,0,0,0,0"
"05:52:22.059","0","0","0","0","0","0","0","0","10","0","0","0","0","-9","0","0","0","0","255","1","0","0","0","110","0","742","0,0,0,0,0,0,0"
"05:52:22.360","0","0","0","0","0","0","0","0","10","0","0","0","0","-9","0","0","0","0","255","1","0","0","0","109","0","742","0,0,0,0,0,0,0"
"05:52:22.653","0","0","0","0","0","0","0","0","10","0","0","0","0","-10","0","0","0","0","255","1","0","0","0","109","0","742","0,0,0,0,0,0,0"
"05:52:22.953","0","0","0","0","0","0","0","0","10","0","0","0","0","-10","0","0","0","0","255","1","0","0","0","108","0","742","0,0,0,0,0,0,0"
"05:52:23.255","0","0","0","0","0","0","0","0","10","0","0","0","0","-10","0","0","0","0","255","1","0","0","0","109","0","742","0,0,0,0,0,0,0"
"05:52:23.553","0","0","0","0","0","0","0","0","10","0","0","0","0","-7","0","0","0","0","255","1","0","0","0","109","0","742","0,0,0,0,0,0,0"
"05:52:23.853","0","0","0","0","0","0","0","0","10","0","0","0","0","-9","0","0","0","0","255","1","0","0","0","109","0","742","0,0,0,0,0,0,0"
"05:52:24.155","0","0","0","0","0","0","0","0","10","0","0","0","0","-10","0","0","0","0","255","1","0","0","0","109","0","742","0,0,0,0,0,0,0"
"05:52:24.453","0","0","0","0","0","0","0","0","10","0","0","0","0","-8","0","0","0","0","255","1","0","0","0","109","0","742","0,0,0,0,0,0,0"
"05:52:24.755","0","0","0","0","0","0","0","0","10","0","0","0","0","-8","0","0","0","0","255","1","0","0","0","109","0","742","0,0,0,0,0,0,0"
"05:52:25.054","0","0","0","0","0","0","0","0","10","0","0","0","0","-9","0","0","0","0","255","1","0","0","0","108","0","742","0,0,0,0,0,0,0"
"05:52:25.356","0","0","0","0","0","0","0","0","10","0","0","0","0","-10","0","0","0","0","255","1","0","0","0","109","0","742","0,0,0,0,0,0,0"
"05:52:25.653","0","0","0","0","0","0","0","0","10","0","0","0","0","-11","0","0","0","0","255","1","0","0","0","109","0","742","0,0,0,0,0,0,0"
"05:52:25.953","0","0","0","0","0","0","0","0","10","0","0","0","0","-11","0","0","0","0","255","1","0","0","0","110","0","742","0,0,0,0,0,0,0"
"05:52:26.259","0","0","0","0","0","0","0","0","10","0","0","0","0","-11","0","0","0","0","255","1","0","0","0","110","0","742","0,0,0,0,0,0,0"
"05:52:26.554","0","0","0","0","0","0","0","0","10","0","0","0","0","-12","0","0","0","0","255","1","0","0","0","109","0","742","0,0,0,0,0,0,0"
"05:52:26.854","0","0","0","0","0","0","0","0","10","0","0","0","0","-12","0","0","0","0","255","1","0","0","0","109","0","742","0,0,0,0,0,0,0"
"05:52:27.153","0","0","0","0","0","0","0","0","10","0","0","0","0","-13","0","0","0","0","255","1","0","0","0","109","0","742","0,0,0,0,0,0,0"
"05:52:27.453","0","0","0","0","0","0","0","0","10","0","0","0","0","-14","0","0","0","0","255","1","0","0","0","108","0","742","0,0,0,0,0,0,0"
"05:52:27.755","0","0","0","0","0","0","0","0","10","0","0","0","0","-14","0","0","0","0","255","1","0","0","0","109","0","742","0,0,0,0,0,0,0"
"05:52:28.053","0","0","0","0","0","0","0","0","10","0","0","0","0","-15","0","0","0","0","255","1","0","0","0","108","0","742","0,0,0,0,0,0,0"
"05:52:28.356","0","0","0","0","0","0","0","0","10","0","0","0","0","-17","0","0","0","0","255","1","0","0","0","108","0","742","0,0,0,0,0,0,0"
"05:52:28.658","0","0","0","0","0","0","0","0","10","0","0","0","0","-20","0","0","0","0","255","1","0","0","0","109","0","742","0,0,0,0,0,0,0"
"05:52:28.953","0","0","0","0","0","0","0","0","10","0","0","1","0","-22","0","0","0","0","255","1","0","0","0","69","0","742","0,0,0,0,0,0,4095"
"05:52:29.253","0","0","0","0","0","0","0","0","10","0","0","1","0","-23","0","0","0","0","255","1","0","0","0","67","0","742","0,0,0,0,0,0,4095"
"05:52:29.554","-3","0","0","0","0","0","0","0","25","0","0","1","0","-22","0","0","0","0","255","1","0","0","0","65","-1","742","0,0,0,0,0,0,4095"
"05:52:29.853","0","0","0","0","0","0","0","0","25","0","0","1","0","-27","0","0","0","0","255","1","0","0","0","66","-1","742","0,0,0,0,0,0,4095"
"05:52:30.153","3","0","0","0","0","0","0","0","25","0","0","1","0","-25","0","0","0","0","255","1","0","0","0","65","0","742","0,0,0,0,0,0,4095"
"05:52:30.453","0","0","0","0","0","0","0","0","15","0","0","0","0","-24","0","0","0","0","255","1","0","0","0","63","0","742","0,0,0,0,4095,4095,4095"
"05:52:30.761","0","0","0","0","0","0","0","0","10","0","0","0","0","-24","0","0","0","0","255","1","0","0","0","61","0","742","4095,0,4095,4095,4095,4095,4095"
"05:52:31.061","0","0","0","0","0","0","0","0","10","0","0","0","0","-24","0","0","0","0","255","1","0","0","0","60","0","742","4095,2730,4095,4095,4095,4095,4095"
"05:52:31.361","0","0","0","0","0","0","0","0","10","0","0","0","0","-27","0","0","0","0","255","1","0","0","0","58","0","742","4095,1365,4095,4095,4095,4095,4095"
"05:52:31.661","0","0","0","0","0","0","0","0","10","0","0","0","0","-27","0","0","0","0","255","1","0","0","0","60","0","742","4095,4095,4095,4095,4095,4095,4095"
"05:52:31.960","0","0","0","0","0","0","0","0","10","0","0","0","0","-27","0","0","0","0","255","1","0","0","0","58","0","742","4095,0,4095,4095,4095,4095,4095"
"05:52:32.253","0","0","0","0","0","0","0","0","10","0","0","0","0","-27","0","0","0","0","255","1","0","0","0","61","0","742","4095,0,4095,4095,4095,4095,4095"
"05:52:32.553","0","0","0","0","0","0","0","0","10","0","0","0","0","-27","0","0","0","0","255","1","0","0","0","59","0","742","4095,0,4095,4095,4095,4095,4095"
"05:52:32.855","0","0","0","0","0","0","0","0","10","0","0","0","0","-27","0","0","0","0","255","1","0","0","0","61","0","742","4095,0,4095,4095,4095,4095,4095"
"05:52:33.153","0","0","0","0","0","0","0","0","10","0","0","0","0","-27","0","0","0","0","255","1","0","0","0","56","0","742","4095,0,4095,4095,4095,4095,4095"
"05:52:33.453","0","0","0","0","0","0","0","0","10","0","0","0","0","-27","0","0","0","0","255","1","0","0","0","63","0","742","4095,0,4095,4095,4095,4095,4095"
"05:52:33.755","0","0","0","0","0","0","0","0","10","0","0","0","0","-27","0","0","0","0","255","1","0","0","0","57","0","742","4095,0,4095,4095,4095,4095,4095"
"05:52:34.053","0","0","0","0","0","0","0","0","10","0","0","0","0","-27","0","0","0","0","255","1","0","0","0","58","0","742","4095,0,4095,4095,4095,4095,4095"
"05:52:34.362","0","0","0","0","0","0","0","0","10","0","0","0","0","-27","0","0","0","0","255","1","0","0","0","55","0","742","4095,0,4095,4095,4095,4095,4095"
"05:52:34.660","0","0","0","0","0","0","0","0","10","0","0","0","0","-27","0","0","0","0","255","1","0","0","0","61","0","742","4095,0,4095,4095,4095,4095,4095"
"05:52:34.955","0","0","0","0","0","0","0","0","10","0","0","0","0","-27","0","0","0","0","255","1","0","0","0","57","0","742","4095,0,4095,4095,4095,4095,4095"
"05:52:35.260","0","0","0","0","0","0","0","0","10","0","0","0","0","-27","0","0","0","0","255","1","0","0","0","60","0","742","4095,0,4095,4095,4095,4095,4095"
"05:52:35.853","0","0","0","0","0","0","0","0","10","0","0","0","0","-27","0","0","0","0","255","1","0","0","0","56","0","742","4095,0,4095,4095,4095,4095,4095"
"05:52:36.153","0","0","0","0","0","0","0","0","10","0","0","0","0","-27","0","0","0","0","255","1","0","0","0","54","0","742","4095,0,4095,4095,4095,4095,4095"
"05:52:36.453","0","0","0","0","0","0","0","0","10","0","0","0","0","-27","0","0","0","0","255","1","0","0","0","54","0","742","4095,0,4095,4095,4095,4095,4095"
"05:52:36.754","0","0","0","0","0","0","0","0","10","0","0","0","0","-27","0","0","0","0","255","1","0","0","0","58","0","742","4095,0,4095,4095,4095,4095,4095"
"05:52:37.053","0","0","0","0","0","0","0","0","10","0","0","0","0","-27","0","0","0","0","255","1","0","0","0","52","0","742","4095,0,4095,4095,4095,4095,4095"
"05:52:37.353","0","0","0","0","0","0","0","0","10","0","0","0","0","-27","0","0","0","0","255","1","0","0","0","57","0","742","4095,0,4095,4095,4095,4095,4095"
"05:52:37.660","0","0","0","0","0","0","0","0","10","0","0","0","0","-27","0","0","0","0","255","1","0","0","0","57","0","742","4095,0,4095,4095,4095,4095,4095"
"05:52:37.953","0","0","0","0","0","0","0","0","10","0","0","0","0","-27","0","0","0","0","255","1","0","0","0","57","0","742","4095,0,4095,4095,4095,4095,4095"
"05:52:38.255","0","0","0","0","0","0","0","0","10","0","0","0","0","-27","0","0","0","0","255","1","0","0","0","56","0","742","4095,0,4095,4095,4095,4095,4095"
"05:52:38.553","0","0","0","0","0","0","0","0","10","0","0","0","0","-27","0","0","0","0","255","1","0","0","0","57","0","742","4095,0,4095,4095,4095,4095,4095"
"05:52:38.861","0","0","0","0","0","0","0","0","10","0","0","0","0","-27","0","0","0","0","255","1","0","0","0","54","0","742","4095,0,4095,4095,4095,4095,4095"
"05:52:39.160","0","0","0","0","0","0","0","0","10","0","0","0","0","-27","0","0","0","0","255","1","0","0","0","53","0","742","4095,0,4095,4095,4095,4095,4095"
