run,L,R,T,out,pid_l,pid_r,sent_l,sent_r,pos,lost,deep,junc,jc,yw,u,sm,rd,sg,ar,rdir,s2,lt,rs,es,fn,bv,el,er,S0,S1,S2,S3,S4,S5,S6
1,0,0,0,0,0,0,0,0,30,0,0,0,0,-130,0,0,0,0,255,1,0,0,0,2,0,109,0,0,4095,4095,0,0,0,4095,4095
1,0,0,0,0,0,0,0,0,30,0,0,0,0,-130,0,0,0,0,255,1,0,0,0,2,0,110,0,0,4095,4095,0,0,0,4095,4095
1,0,0,0,0,0,0,0,0,30,0,0,0,0,-130,0,0,0,0,255,1,0,0,0,2,0,109,0,0,4095,4095,0,0,0,4095,4095
1,0,0,28,0,31,108,1001,1198,25,0,0,0,0,-2,0,0,0,0,255,1,0,0,0,3,1,108,0,0,4095,4095,0,0,4095,4095,4095
1,3,3,28,70,32,107,1002,1197,20,0,0,0,0,-3,0,0,0,0,255,1,0,0,0,3,1,109,5,5,4095,0,0,0,4095,4095,4095
1,30,26,28,70,38,101,888,1041,20,0,0,0,0,0,0,0,0,0,255,1,0,0,0,3,1,110,16,16,4095,0,0,0,4095,4095,4095
1,33,36,28,74,56,92,906,1032,25,0,0,0,0,2,0,0,0,0,255,1,0,0,0,3,1,109,25,25,4095,4095,0,0,4095,4095,4095
1,30,30,28,84,101,66,951,1006,35,0,0,0,0,-4,0,0,0,0,255,1,0,0,0,3,1,108,35,34,4095,4095,2730,0,0,4095,4095
1,33,30,28,76,26,151,876,1091,15,0,0,0,0,-4,0,0,0,0,255,1,0,0,0,3,1,109,45,44,4095,0,0,4095,4095,4095,4095
1,33,36,28,70,20,145,790,945,15,0,0,0,0,0,0,0,0,0,255,1,0,0,0,3,1,108,55,54,4095,0,0,4095,4095,4095,4095
1,33,30,28,74,36,111,886,1051,20,0,0,0,0,2,0,0,0,0,255,1,0,0,0,3,1,110,64,64,4095,0,0,0,4095,4095,4095
1,30,33,28,70,87,52,937,992,35,0,0,0,0,-1,0,0,0,0,255,1,0,0,0,3,1,109,74,73,4095,4095,4095,0,0,4095,4095
1,33,30,28,70,32,107,882,1047,20,0,0,0,0,-4,0,0,0,0,255,1,0,0,0,3,1,109,84,83,4095,0,0,0,4095,4095,4095
1,33,36,28,70,20,145,870,1085,15,0,0,0,0,0,0,0,0,0,255,1,0,0,0,3,1,110,94,93,4095,0,0,4095,4095,4095,4095
1,33,33,28,71,71,71,921,1011,30,0,0,0,0,1,0,0,0,0,255,1,0,0,0,3,1,109,104,104,4095,4095,0,0,0,4095,4095
1,33,33,28,70,87,52,937,992,35,0,0,0,0,-4,0,0,0,0,255,1,0,0,0,3,1,109,114,113,4095,4095,4095,0,0,4095,4095
1,36,30,28,70,20,145,870,1085,15,0,0,0,0,-4,0,0,0,0,255,1,0,0,0,3,1,109,124,123,4095,0,0,4095,4095,4095,4095
1,30,36,28,70,20,252,790,1052,10,0,1,0,0,0,0,0,0,0,255,1,0,0,0,3,1,109,135,133,4095,0,2730,4095,4095,4095,4095
1,33,33,28,70,76,63,926,1003,25,0,0,0,0,1,0,0,0,0,255,1,0,0,0,3,1,109,143,143,4095,4095,0,0,4095,4095,4095
1,30,30,28,72,55,90,905,1030,25,0,0,0,0,-1,0,0,0,0,255,1,0,0,0,3,1,109,153,153,4095,4095,0,0,4095,4095,4095
1,33,33,28,70,20,282,790,1082,0,0,1,0,0,3,0,0,0,0,255,1,0,0,0,3,1,111,163,162,0,2730,4095,4095,4095,4095,4095
1,33,30,22,72,0,392,0,1192,0,68,1,0,0,52,0,0,0,0,255,1,0,0,0,3,1,109,169,172,4095,4095,4095,4095,4095,4095,4095
1,6,36,28,76,289,20,1059,820,55,0,1,0,0,88,0,0,0,0,255,1,0,0,0,3,1,108,171,182,4095,4095,4095,4095,4095,0,0
1,20,26,28,82,20,294,790,1094,10,0,1,0,0,67,0,0,0,0,255,1,0,0,0,3,1,109,181,189,1365,0,0,4095,4095,4095,4095
1,33,26,22,70,0,185,0,985,10,69,1,0,0,101,0,0,0,0,255,1,0,0,0,3,1,109,189,199,4095,4095,4095,4095,4095,4095,4095
1,13,33,22,74,0,286,0,1086,10,139,1,0,0,165,0,0,0,0,255,1,0,0,0,3,1,109,189,207,4095,4095,4095,4095,4095,4095,4095
1,0,23,0,0,0,0,0,0,60,0,0,0,0,188,1,0,0,1,255,1,0,0,0,3,0,109,190,213,4095,4095,4095,4095,4095,4095,0
1,3,10,0,0,0,0,0,0,60,0,0,0,0,188,1,0,0,1,255,1,0,0,0,3,0,110,190,213,4095,4095,4095,4095,4095,4095,0
1,0,0,0,0,0,0,0,0,60,0,0,0,0,188,1,0,0,1,255,1,0,0,0,3,0,109,190,213,4095,4095,4095,4095,4095,4095,0
1,0,0,0,0,0,0,0,0,60,0,0,0,0,188,1,0,0,1,255,1,0,0,0,3,0,110,190,213,4095,4095,4095,4095,4095,4095,0
1,0,0,0,0,0,0,0,0,55,0,0,0,0,196,1,0,0,1,255,1,0,0,0,3,0,109,190,213,0,0,0,0,0,0,0
1,0,0,0,0,0,0,0,0,55,0,0,0,0,241,1,0,0,1,255,1,0,0,0,3,0,110,190,213,0,0,0,0,0,0,0
2,0,0,0,0,0,0,0,0,30,0,0,0,0,48,0,0,0,0,255,1,0,0,0,2,0,110,0,0,4095,4095,0,0,0,4095,4095
2,0,0,0,0,0,0,0,0,30,0,0,0,0,48,0,0,0,0,255,1,0,0,0,2,0,109,0,0,4095,4095,0,0,0,4095,4095
2,0,0,0,0,0,0,0,0,30,0,0,0,0,48,0,0,0,0,255,1,0,0,0,2,0,110,0,0,4095,4095,0,0,0,4095,4095
2,0,0,0,0,0,0,0,0,30,0,0,0,0,48,0,0,0,0,255,1,0,0,0,2,0,109,0,0,4095,4095,0,0,0,4095,4095
2,0,0,28,0,87,52,1057,1142,35,0,0,0,0,0,0,0,0,0,255,1,0,0,0,3,1,108,1,1,4095,4095,4095,0,0,4095,4095
2,13,13,28,70,69,70,919,1010,30,0,0,0,0,-3,0,0,0,0,255,1,0,0,0,3,1,109,9,8,4095,4095,0,0,0,4095,4095
2,30,26,28,70,20,145,870,1085,15,0,0,0,0,-2,0,0,0,0,255,1,0,0,0,3,1,111,19,19,4095,0,0,4095,4095,4095,4095
2,33,36,28,70,32,107,882,1047,20,0,0,0,0,3,0,0,0,0,255,1,0,0,0,3,1,109,29,28,4095,0,0,0,4095,4095,4095
2,30,30,28,79,97,62,947,1002,35,0,0,0,0,0,0,0,0,0,255,1,0,0,0,3,1,109,38,37,4095,4095,4095,0,0,4095,4095
2,33,30,28,72,22,150,872,1090,20,0,0,0,0,-2,0,0,0,0,255,1,0,0,0,3,1,109,48,47,4095,0,0,0,4095,4095,4095
2,33,36,28,70,32,107,882,1047,20,0,0,0,0,0,0,0,0,0,255,1,0,0,0,3,1,109,58,57,4095,0,0,0,4095,4095,4095
2,33,30,28,74,36,111,886,1051,20,0,0,0,0,0,0,0,0,0,255,1,0,0,0,3,1,110,67,68,4095,0,0,0,4095,4095,4095
2,30,33,28,70,52,87,902,1027,25,0,0,0,0,0,0,0,0,0,255,1,0,0,0,3,1,109,77,76,4095,4095,0,0,4095,4095,4095
2,33,30,28,70,70,70,920,1010,25,0,0,1,0,-1,0,0,0,0,255,1,0,0,0,3,1,109,86,86,0,0,0,0,0,0,4095
2,30,33,28,70,20,145,870,1085,15,0,0,0,1,0,0,0,0,0,255,1,0,0,0,3,1,109,96,96,4095,0,0,4095,4095,4095,4095
2,33,33,28,70,52,87,902,1027,25,0,0,0,1,2,0,0,0,0,255,1,0,0,0,3,1,109,106,105,4095,4095,0,0,4095,4095,4095
2,33,33,28,70,52,87,902,1027,25,0,0,0,1,-1,0,0,0,0,255,1,0,0,0,3,1,108,116,116,4095,4095,0,0,4095,4095,4095
2,36,33,28,70,32,107,882,1047,20,0,0,0,1,-2,0,0,0,0,255,1,0,0,0,3,1,109,126,126,4095,0,0,0,4095,4095,4095
2,30,33,28,73,23,148,873,1088,15,0,0,0,1,1,0,0,0,0,255,1,0,0,0,3,1,108,137,136,4095,0,0,4095,4095,4095,4095
2,36,33,28,70,52,87,902,1027,25,0,0,0,1,1,0,0,0,0,255,1,0,0,0,3,1,109,146,147,4095,4095,0,0,4095,4095,4095
2,33,36,28,70,47,92,897,1032,25,0,0,0,1,-2,0,0,0,0,255,1,0,0,0,3,1,109,157,156,4095,4095,0,0,4095,4095,4095
2,33,30,22,72,20,392,790,1192,0,32,1,0,1,8,0,0,0,0,255,1,0,0,0,3,1,108,166,166,4095,4095,4095,4095,4095,4095,4095
2,26,33,22,70,0,390,0,1190,0,102,1,0,1,81,0,0,0,0,255,1,0,0,0,3,1,109,170,177,4095,4095,4095,4095,4095,4095,4095
2,3,36,22,85,405,20,1275,820,60,31,1,0,1,92,0,0,0,0,255,1,0,0,0,3,1,109,174,186,4095,4095,4095,4095,4095,4095,4095
2,29,23,28,70,20,390,790,1190,0,2,1,0,1,63,0,0,0,0,255,1,0,0,0,3,1,109,186,193,4095,4095,4095,4095,4095,4095,4095
2,37,33,22,70,0,390,0,1190,0,72,1,0,1,115,0,0,0,0,255,1,0,0,0,3,1,109,194,205,4095,4095,4095,4095,4095,4095,4095
2,13,40,0,0,0,0,0,0,0,0,0,0,1,179,1,0,0,1,255,1,0,0,0,3,0,109,194,216,4095,4095,4095,4095,4095,4095,4095
2,0,20,0,0,0,0,0,0,0,0,0,0,1,179,1,0,0,1,255,1,0,0,0,3,0,111,194,216,4095,4095,4095,4095,4095,4095,4095
2,0,0,0,0,0,0,0,0,0,0,0,0,1,179,1,0,0,1,255,1,0,0,0,3,0,109,194,216,4095,4095,4095,4095,4095,4095,4095
2,0,0,0,0,0,0,0,0,0,0,0,0,1,179,1,0,0,1,255,1,0,0,0,3,0,110,194,216,4095,4095,4095,4095,4095,4095,4095
2,0,0,0,0,0,0,0,0,0,0,0,0,1,179,1,0,0,1,255,1,0,0,0,3,0,109,194,216,4095,4095,4095,4095,4095,4095,4095
2,0,0,0,0,0,0,0,0,0,0,0,0,1,179,1,0,0,1,255,1,0,0,0,3,0,110,194,216,4095,4095,4095,4095,4095,4095,4095
